﻿<?xml version="1.0" encoding="utf-8"?>
<Defs>
  <DamageDef>
    <defName>Laser</defName>
    <workerClass>DamageWorker_AddInjury</workerClass>
    <label>burn</label>
    <hasForcefulImpact>true</hasForcefulImpact>
    <makesBlood>false</makesBlood>
    <canInterruptJobs>false</canInterruptJobs>
    <externalViolence>true</externalViolence>
    <deathMessage>{0} has been shot to death.</deathMessage>
    <hediff>Burn</hediff>
    <armorCategory>Heat</armorCategory>
    <explosionHeatEnergyPerCell>15</explosionHeatEnergyPerCell>
    <explosionCellFleck>BlastFlame</explosionCellFleck>
    <explosionColorCenter>(1, 0.7, 0.7)</explosionColorCenter>
    <explosionColorEdge>(1, 1, 0.7)</explosionColorEdge>
    <soundExplosion>Explosion_Flame</soundExplosion>
  </DamageDef>
</Defs>