﻿<?xml version="1.0" encoding="utf-8"?>
<Defs>
  <NeedDef>
    <defName>PJ_ForcePool</defName>
    <needClass>ProjectJedi.Need_ForcePool</needClass>
    <label>force pool</label>
    <description>Colonist's Current force pool level\n\n(Star Wars - The Force)</description>
    <onlyIfCausedByHediff>true</onlyIfCausedByHediff>
    <showOnNeedList>true</showOnNeedList>
    <minIntelligence>Humanlike</minIntelligence>
    <baseLevel>0.50</baseLevel>
    <seekerRisePerHour>0.22</seekerRisePerHour>
    <seekerFallPerHour>0.04</seekerFallPerHour>
    <listPriority>1327</listPriority>
    <major>true</major>
    <freezeWhileSleeping>true</freezeWhileSleeping>
    <showForCaravanMembers>true</showForCaravanMembers>
  </NeedDef>
  <HediffDef>
    <defName>PJ_ForceWielderHD</defName>
    <hediffClass>HediffWithComps</hediffClass>
    <description>The force is strong with this one.</description>
    <isBad>false</isBad>
    <defaultLabelColor>(0.8, 0.8, 0.35)</defaultLabelColor>
    <initialSeverity>1.0</initialSeverity>
    <label>force wielder</label>
    <causesNeed>PJ_ForcePool</causesNeed>
    <comps>
      <li Class="HediffCompProperties_SeverityPerDay">
        <severityPerDay>-0</severityPerDay>
      </li>
    </comps>
    <stages>
      <li>
        <label>hidden</label>
        <becomeVisible>false</becomeVisible>
      </li>
    </stages>
  </HediffDef>
</Defs>